"Data Source","World Development Indicators",

"Last Updated Date","2018-05-02",

"Country Name","Country Code","Indicator Name","Indicator Code","1960","1961","1962","1963","1964","1965","1966","1967","1968","1969","1970","1971","1972","1973","1974","1975","1976","1977","1978","1979","1980","1981","1982","1983","1984","1985","1986","1987","1988","1989","1990","1991","1992","1993","1994","1995","1996","1997","1998","1999","2000","2001","2002","2003","2004","2005","2006","2007","2008","2009","2010","2011","2012","2013","2014","2015","2016","2017",
"Aruba","ABW","Suicide mortality rate (per 100,000 population)","SH.STA.SUIC.P5","","","","","","","","","","","","","","","","","","","","","","","","","","","","","","","","","","","","","","","","","","","","","","","","","","","","","","","","","","",
"Afghanistan","AFG","Suicide mortality rate (per 100,000 population)","SH.STA.SUIC.P5","","","","","","","","","","","","","","","","","","","","","","","","","","","","","","","","","","","","","","","","","4.8","","","","","5.4","","","","","5.1","","","","","5.5","","",
"Angola","AGO","Suicide mortality rate (per 100,000 population)","SH.STA.SUIC.P5","","","","","","","","","","","","","","","","","","","","","","","","","","","","","","","","","","","","","","","","","18.4","","","","","20","","","","","20.6","","","","","20.5","","",
"Albania","ALB","Suicide mortality rate (per 100,000 population)","SH.STA.SUIC.P5","","","","","","","","","","","","","","","","","","","","","","","","","","","","","","","","","","","","","","","","","6","","","","","6.3","","","","","5.3","","","","","4.3","","",
"Andorra","AND","Suicide mortality rate (per 100,000 population)","SH.STA.SUIC.P5","","","","","","","","","","","","","","","","","","","","","","","","","","","","","","","","","","","","","","","","","","","","","","","","","","","","","","","","","","",
"Arab World","ARB","Suicide mortality rate (per 100,000 population)","SH.STA.SUIC.P5","","","","","","","","","","","","","","","","","","","","","","","","","","","","","","","","","","","","","","","","","4.73241324967371","","","","","4.62001819722369","","","","","4.50730288063377","","","","","4.44747315524266","","",
"United Arab Emirates","ARE","Suicide mortality rate (per 100,000 population)","SH.STA.SUIC.P5","","","","","","","","","","","","","","","","","","","","","","","","","","","","","","","","","","","","","","","","","4.2","","","","","3.2","","","","","3.5","","","","","2.9","","",
"Argentina","ARG","Suicide mortality rate (per 100,000 population)","SH.STA.SUIC.P5","","","","","","","","","","","","","","","","","","","","","","","","","","","","","","","","","","","","","","","","","13.3","","","","","12.2","","","","","12.9","","","","","14.2","","",
"Armenia","ARM","Suicide mortality rate (per 100,000 population)","SH.STA.SUIC.P5","","","","","","","","","","","","","","","","","","","","","","","","","","","","","","","","","","","","","","","","","4","","","","","4.5","","","","","5.2","","","","","5.4","","",
"American Samoa","ASM","Suicide mortality rate (per 100,000 population)","SH.STA.SUIC.P5","","","","","","","","","","","","","","","","","","","","","","","","","","","","","","","","","","","","","","","","","","","","","","","","","","","","","","","","","","",
"Antigua and Barbuda","ATG","Suicide mortality rate (per 100,000 population)","SH.STA.SUIC.P5","","","","","","","","","","","","","","","","","","","","","","","","","","","","","","","","","","","","","","","","","2.3","","","","","1.6","","","","","0.2","","","","","0","","",
"Australia","AUS","Suicide mortality rate (per 100,000 population)","SH.STA.SUIC.P5","","","","","","","","","","","","","","","","","","","","","","","","","","","","","","","","","","","","","","","","","13.4","","","","","11.9","","","","","12.1","","","","","11.8","","",
"Austria","AUT","Suicide mortality rate (per 100,000 population)","SH.STA.SUIC.P5","","","","","","","","","","","","","","","","","","","","","","","","","","","","","","","","","","","","","","","","","19.8","","","","","17.1","","","","","16","","","","","16.4","","",
"Azerbaijan","AZE","Suicide mortality rate (per 100,000 population)","SH.STA.SUIC.P5","","","","","","","","","","","","","","","","","","","","","","","","","","","","","","","","","","","","","","","","","2.5","","","","","3.4","","","","","3.6","","","","","3.3","","",
"Burundi","BDI","Suicide mortality rate (per 100,000 population)","SH.STA.SUIC.P5","","","","","","","","","","","","","","","","","","","","","","","","","","","","","","","","","","","","","","","","","7.7","","","","","8.6","","","","","8.7","","","","","8","","",
"Belgium","BEL","Suicide mortality rate (per 100,000 population)","SH.STA.SUIC.P5","","","","","","","","","","","","","","","","","","","","","","","","","","","","","","","","","","","","","","","","","22.6","","","","","20.5","","","","","20.3","","","","","20.5","","",
"Benin","BEN","Suicide mortality rate (per 100,000 population)","SH.STA.SUIC.P5","","","","","","","","","","","","","","","","","","","","","","","","","","","","","","","","","","","","","","","","","8.5","","","","","9","","","","","9","","","","","9.3","","",
"Burkina Faso","BFA","Suicide mortality rate (per 100,000 population)","SH.STA.SUIC.P5","","","","","","","","","","","","","","","","","","","","","","","","","","","","","","","","","","","","","","","","","9.3","","","","","8.9","","","","","9","","","","","9.2","","",
"Bangladesh","BGD","Suicide mortality rate (per 100,000 population)","SH.STA.SUIC.P5","","","","","","","","","","","","","","","","","","","","","","","","","","","","","","","","","","","","","","","","","7","","","","","6.8","","","","","6.3","","","","","5.5","","",
"Bulgaria","BGR","Suicide mortality rate (per 100,000 population)","SH.STA.SUIC.P5","","","","","","","","","","","","","","","","","","","","","","","","","","","","","","","","","","","","","","","","","20.4","","","","","17","","","","","15.5","","","","","15.9","","",
"Bahrain","BHR","Suicide mortality rate (per 100,000 population)","SH.STA.SUIC.P5","","","","","","","","","","","","","","","","","","","","","","","","","","","","","","","","","","","","","","","","","5.1","","","","","6.5","","","","","6.9","","","","","6.5","","",
"Bahamas, The","BHS","Suicide mortality rate (per 100,000 population)","SH.STA.SUIC.P5","","","","","","","","","","","","","","","","","","","","","","","","","","","","","","","","","","","","","","","","","1.7","","","","","0.7","","","","","1.9","","","","","1.8","","",
"Bosnia and Herzegovina","BIH","Suicide mortality rate (per 100,000 population)","SH.STA.SUIC.P5","","","","","","","","","","","","","","","","","","","","","","","","","","","","","","","","","","","","","","","","","9.8","","","","","8","","","","","6","","","","","6","","",
"Belarus","BLR","Suicide mortality rate (per 100,000 population)","SH.STA.SUIC.P5","","","","","","","","","","","","","","","","","","","","","","","","","","","","","","","","","","","","","","","","","41.9","","","","","36.1","","","","","27.9","","","","","22.8","","",
"Belize","BLZ","Suicide mortality rate (per 100,000 population)","SH.STA.SUIC.P5","","","","","","","","","","","","","","","","","","","","","","","","","","","","","","","","","","","","","","","","","8","","","","","5.1","","","","","6.1","","","","","7.3","","",
"Bermuda","BMU","Suicide mortality rate (per 100,000 population)","SH.STA.SUIC.P5","","","","","","","","","","","","","","","","","","","","","","","","","","","","","","","","","","","","","","","","","","","","","","","","","","","","","","","","","","",
"Bolivia","BOL","Suicide mortality rate (per 100,000 population)","SH.STA.SUIC.P5","","","","","","","","","","","","","","","","","","","","","","","","","","","","","","","","","","","","","","","","","23.5","","","","","22.2","","","","","20.5","","","","","18.7","","",
"Brazil","BRA","Suicide mortality rate (per 100,000 population)","SH.STA.SUIC.P5","","","","","","","","","","","","","","","","","","","","","","","","","","","","","","","","","","","","","","","","","5.2","","","","","5.9","","","","","5.9","","","","","6.3","","",
"Barbados","BRB","Suicide mortality rate (per 100,000 population)","SH.STA.SUIC.P5","","","","","","","","","","","","","","","","","","","","","","","","","","","","","","","","","","","","","","","","","1.9","","","","","2.4","","","","","1.7","","","","","0.4","","",
"Brunei Darussalam","BRN","Suicide mortality rate (per 100,000 population)","SH.STA.SUIC.P5","","","","","","","","","","","","","","","","","","","","","","","","","","","","","","","","","","","","","","","","","1","","","","","1.9","","","","","0.7","","","","","1.3","","",
"Bhutan","BTN","Suicide mortality rate (per 100,000 population)","SH.STA.SUIC.P5","","","","","","","","","","","","","","","","","","","","","","","","","","","","","","","","","","","","","","","","","13","","","","","12.2","","","","","11.4","","","","","11.7","","",
"Botswana","BWA","Suicide mortality rate (per 100,000 population)","SH.STA.SUIC.P5","","","","","","","","","","","","","","","","","","","","","","","","","","","","","","","","","","","","","","","","","11.5","","","","","11.2","","","","","10.2","","","","","9.7","","",
"Central African Republic","CAF","Suicide mortality rate (per 100,000 population)","SH.STA.SUIC.P5","","","","","","","","","","","","","","","","","","","","","","","","","","","","","","","","","","","","","","","","","14.1","","","","","16.3","","","","","18.2","","","","","17.4","","",
"Canada","CAN","Suicide mortality rate (per 100,000 population)","SH.STA.SUIC.P5","","","","","","","","","","","","","","","","","","","","","","","","","","","","","","","","","","","","","","","","","12.4","","","","","12.6","","","","","12.7","","","","","12.3","","",
"Central Europe and the Baltics","CEB","Suicide mortality rate (per 100,000 population)","SH.STA.SUIC.P5","","","","","","","","","","","","","","","","","","","","","","","","","","","","","","","","","","","","","","","","","21.0954144577617","","","","","20.0077296890835","","","","","19.7361548285393","","","","","18.3854751630219","","",
"Switzerland","CHE","Suicide mortality rate (per 100,000 population)","SH.STA.SUIC.P5","","","","","","","","","","","","","","","","","","","","","","","","","","","","","","","","","","","","","","","","","20.6","","","","","19.2","","","","","14.5","","","","","15.1","","",
"Channel Islands","CHI","Suicide mortality rate (per 100,000 population)","SH.STA.SUIC.P5","","","","","","","","","","","","","","","","","","","","","","","","","","","","","","","","","","","","","","","","","","","","","","","","","","","","","","","","","","",
"Chile","CHL","Suicide mortality rate (per 100,000 population)","SH.STA.SUIC.P5","","","","","","","","","","","","","","","","","","","","","","","","","","","","","","","","","","","","","","","","","10.8","","","","","10.3","","","","","12","","","","","9.9","","",
"China","CHN","Suicide mortality rate (per 100,000 population)","SH.STA.SUIC.P5","","","","","","","","","","","","","","","","","","","","","","","","","","","","","","","","","","","","","","","","","11","","","","","9.9","","","","","9.8","","","","","10","","",
"Cote d'Ivoire","CIV","Suicide mortality rate (per 100,000 population)","SH.STA.SUIC.P5","","","","","","","","","","","","","","","","","","","","","","","","","","","","","","","","","","","","","","","","","14.5","","","","","16.4","","","","","17.2","","","","","18.1","","",
"Cameroon","CMR","Suicide mortality rate (per 100,000 population)","SH.STA.SUIC.P5","","","","","","","","","","","","","","","","","","","","","","","","","","","","","","","","","","","","","","","","","10.4","","","","","11.5","","","","","12","","","","","11.9","","",
"Congo, Dem. Rep.","COD","Suicide mortality rate (per 100,000 population)","SH.STA.SUIC.P5","","","","","","","","","","","","","","","","","","","","","","","","","","","","","","","","","","","","","","","","","10.9","","","","","9.9","","","","","9.5","","","","","9.8","","",
"Congo, Rep.","COG","Suicide mortality rate (per 100,000 population)","SH.STA.SUIC.P5","","","","","","","","","","","","","","","","","","","","","","","","","","","","","","","","","","","","","","","","","14.1","","","","","14.5","","","","","11.3","","","","","9.6","","",
"Colombia","COL","Suicide mortality rate (per 100,000 population)","SH.STA.SUIC.P5","","","","","","","","","","","","","","","","","","","","","","","","","","","","","","","","","","","","","","","","","5.8","","","","","5.6","","","","","6.8","","","","","6.1","","",
"Comoros","COM","Suicide mortality rate (per 100,000 population)","SH.STA.SUIC.P5","","","","","","","","","","","","","","","","","","","","","","","","","","","","","","","","","","","","","","","","","7.4","","","","","7.8","","","","","7.7","","","","","7.4","","",
"Cabo Verde","CPV","Suicide mortality rate (per 100,000 population)","SH.STA.SUIC.P5","","","","","","","","","","","","","","","","","","","","","","","","","","","","","","","","","","","","","","","","","9.1","","","","","8.1","","","","","8.8","","","","","8.5","","",
"Costa Rica","CRI","Suicide mortality rate (per 100,000 population)","SH.STA.SUIC.P5","","","","","","","","","","","","","","","","","","","","","","","","","","","","","","","","","","","","","","","","","7.3","","","","","7.7","","","","","8.3","","","","","7.7","","",
"Caribbean small states","CSS","Suicide mortality rate (per 100,000 population)","SH.STA.SUIC.P5","","","","","","","","","","","","","","","","","","","","","","","","","","","","","","","","","","","","","","","","","8.14448919445462","","","","","8.2906033305162","","","","","8.3527584853461","","","","","9.28732424933218","","",
"Cuba","CUB","Suicide mortality rate (per 100,000 population)","SH.STA.SUIC.P5","","","","","","","","","","","","","","","","","","","","","","","","","","","","","","","","","","","","","","","","","16.4","","","","","13","","","","","14.6","","","","","14","","",
"Curacao","CUW","Suicide mortality rate (per 100,000 population)","SH.STA.SUIC.P5","","","","","","","","","","","","","","","","","","","","","","","","","","","","","","","","","","","","","","","","","","","","","","","","","","","","","","","","","","",
"Cayman Islands","CYM","Suicide mortality rate (per 100,000 population)","SH.STA.SUIC.P5","","","","","","","","","","","","","","","","","","","","","","","","","","","","","","","","","","","","","","","","","","","","","","","","","","","","","","","","","","",
"Cyprus","CYP","Suicide mortality rate (per 100,000 population)","SH.STA.SUIC.P5","","","","","","","","","","","","","","","","","","","","","","","","","","","","","","","","","","","","","","","","","1.9","","","","","2.1","","","","","4.8","","","","","4.7","","",
"Czech Republic","CZE","Suicide mortality rate (per 100,000 population)","SH.STA.SUIC.P5","","","","","","","","","","","","","","","","","","","","","","","","","","","","","","","","","","","","","","","","","16.5","","","","","16","","","","","15","","","","","13.7","","",
"Germany","DEU","Suicide mortality rate (per 100,000 population)","SH.STA.SUIC.P5","","","","","","","","","","","","","","","","","","","","","","","","","","","","","","","","","","","","","","","","","14.6","","","","","13.6","","","","","13.5","","","","","13.4","","",
"Djibouti","DJI","Suicide mortality rate (per 100,000 population)","SH.STA.SUIC.P5","","","","","","","","","","","","","","","","","","","","","","","","","","","","","","","","","","","","","","","","","8.2","","","","","8.3","","","","","7.8","","","","","8.6","","",
"Dominica","DMA","Suicide mortality rate (per 100,000 population)","SH.STA.SUIC.P5","","","","","","","","","","","","","","","","","","","","","","","","","","","","","","","","","","","","","","","","","","","","","","","","","","","","","","","","","","",
"Denmark","DNK","Suicide mortality rate (per 100,000 population)","SH.STA.SUIC.P5","","","","","","","","","","","","","","","","","","","","","","","","","","","","","","","","","","","","","","","","","15.5","","","","","14.7","","","","","11.7","","","","","12.2","","",
"Dominican Republic","DOM","Suicide mortality rate (per 100,000 population)","SH.STA.SUIC.P5","","","","","","","","","","","","","","","","","","","","","","","","","","","","","","","","","","","","","","","","","6.8","","","","","8.7","","","","","6.6","","","","","6.8","","",
"Algeria","DZA","Suicide mortality rate (per 100,000 population)","SH.STA.SUIC.P5","","","","","","","","","","","","","","","","","","","","","","","","","","","","","","","","","","","","","","","","","3","","","","","3.6","","","","","3.4","","","","","3.1","","",
"East Asia & Pacific (excluding high income)","EAP","Suicide mortality rate (per 100,000 population)","SH.STA.SUIC.P5","","","","","","","","","","","","","","","","","","","","","","","","","","","","","","","","","","","","","","","","","9.40037328009352","","","","","8.69825051156261","","","","","8.71646596951668","","","","","8.76195672829767","","",
"Early-demographic dividend","EAR","Suicide mortality rate (per 100,000 population)","SH.STA.SUIC.P5","","","","","","","","","","","","","","","","","","","","","","","","","","","","","","","","","","","","","","","","","11.0361539727654","","","","","10.7872904941602","","","","","10.4231723411799","","","","","9.67587332289199","","",
"East Asia & Pacific","EAS","Suicide mortality rate (per 100,000 population)","SH.STA.SUIC.P5","","","","","","","","","","","","","","","","","","","","","","","","","","","","","","","","","","","","","","","","","10.5679275720272","","","","","10.2127010626492","","","","","10.3523531587465","","","","","10.028507163694","","",
"Europe & Central Asia (excluding high income)","ECA","Suicide mortality rate (per 100,000 population)","SH.STA.SUIC.P5","","","","","","","","","","","","","","","","","","","","","","","","","","","","","","","","","","","","","","","","","26.674801426509","","","","","22.1729365227907","","","","","18.1383960533799","","","","","15.3230293209419","","",
"Europe & Central Asia","ECS","Suicide mortality rate (per 100,000 population)","SH.STA.SUIC.P5","","","","","","","","","","","","","","","","","","","","","","","","","","","","","","","","","","","","","","","","","20.0766597937851","","","","","17.523023175891","","","","","15.372701428503","","","","","14.1229137093564","","",
"Ecuador","ECU","Suicide mortality rate (per 100,000 population)","SH.STA.SUIC.P5","","","","","","","","","","","","","","","","","","","","","","","","","","","","","","","","","","","","","","","","","6.4","","","","","9.3","","","","","8.9","","","","","7.5","","",
"Egypt, Arab Rep.","EGY","Suicide mortality rate (per 100,000 population)","SH.STA.SUIC.P5","","","","","","","","","","","","","","","","","","","","","","","","","","","","","","","","","","","","","","","","","2.9","","","","","2.7","","","","","2.5","","","","","2.6","","",
"Euro area","EMU","Suicide mortality rate (per 100,000 population)","SH.STA.SUIC.P5","","","","","","","","","","","","","","","","","","","","","","","","","","","","","","","","","","","","","","","","","13.9591542066716","","","","","13.0251864253993","","","","","12.4847610589386","","","","","12.6338453563148","","",
"Eritrea","ERI","Suicide mortality rate (per 100,000 population)","SH.STA.SUIC.P5","","","","","","","","","","","","","","","","","","","","","","","","","","","","","","","","","","","","","","","","","9.1","","","","","8.9","","","","","7.8","","","","","6.7","","",
"Spain","ESP","Suicide mortality rate (per 100,000 population)","SH.STA.SUIC.P5","","","","","","","","","","","","","","","","","","","","","","","","","","","","","","","","","","","","","","","","","8.3","","","","","7.9","","","","","6.8","","","","","8.5","","",
"Estonia","EST","Suicide mortality rate (per 100,000 population)","SH.STA.SUIC.P5","","","","","","","","","","","","","","","","","","","","","","","","","","","","","","","","","","","","","","","","","29.9","","","","","23.4","","","","","18.3","","","","","18.9","","",
"Ethiopia","ETH","Suicide mortality rate (per 100,000 population)","SH.STA.SUIC.P5","","","","","","","","","","","","","","","","","","","","","","","","","","","","","","","","","","","","","","","","","9.1","","","","","7.9","","","","","8","","","","","8.4","","",
"European Union","EUU","Suicide mortality rate (per 100,000 population)","SH.STA.SUIC.P5","","","","","","","","","","","","","","","","","","","","","","","","","","","","","","","","","","","","","","","","","14.4701689832795","","","","","13.6296274708933","","","","","13.187752172973","","","","","13.1194206973491","","",
"Fragile and conflict affected situations","FCS","Suicide mortality rate (per 100,000 population)","SH.STA.SUIC.P5","","","","","","","","","","","","","","","","","","","","","","","","","","","","","","","","","","","","","","","","","7.69589887177223","","","","","7.66426666781734","","","","","7.70334482608827","","","","","7.88620088043786","","",
"Finland","FIN","Suicide mortality rate (per 100,000 population)","SH.STA.SUIC.P5","","","","","","","","","","","","","","","","","","","","","","","","","","","","","","","","","","","","","","","","","24.3","","","","","20","","","","","18.5","","","","","16.2","","",
"Fiji","FJI","Suicide mortality rate (per 100,000 population)","SH.STA.SUIC.P5","","","","","","","","","","","","","","","","","","","","","","","","","","","","","","","","","","","","","","","","","8.8","","","","","9.3","","","","","9.4","","","","","8.5","","",
"France","FRA","Suicide mortality rate (per 100,000 population)","SH.STA.SUIC.P5","","","","","","","","","","","","","","","","","","","","","","","","","","","","","","","","","","","","","","","","","20.2","","","","","19.2","","","","","18.4","","","","","16.9","","",
"Faroe Islands","FRO","Suicide mortality rate (per 100,000 population)","SH.STA.SUIC.P5","","","","","","","","","","","","","","","","","","","","","","","","","","","","","","","","","","","","","","","","","","","","","","","","","","","","","","","","","","",
"Micronesia, Fed. Sts.","FSM","Suicide mortality rate (per 100,000 population)","SH.STA.SUIC.P5","","","","","","","","","","","","","","","","","","","","","","","","","","","","","","","","","","","","","","","","","10.6","","","","","11.9","","","","","11.1","","","","","11.2","","",
"Gabon","GAB","Suicide mortality rate (per 100,000 population)","SH.STA.SUIC.P5","","","","","","","","","","","","","","","","","","","","","","","","","","","","","","","","","","","","","","","","","10.3","","","","","9.9","","","","","11.1","","","","","10.9","","",
"United Kingdom","GBR","Suicide mortality rate (per 100,000 population)","SH.STA.SUIC.P5","","","","","","","","","","","","","","","","","","","","","","","","","","","","","","","","","","","","","","","","","8.8","","","","","8","","","","","7.7","","","","","8.5","","",
"Georgia","GEO","Suicide mortality rate (per 100,000 population)","SH.STA.SUIC.P5","","","","","","","","","","","","","","","","","","","","","","","","","","","","","","","","","","","","","","","","","6","","","","","5","","","","","6.2","","","","","6.7","","",
"Ghana","GHA","Suicide mortality rate (per 100,000 population)","SH.STA.SUIC.P5","","","","","","","","","","","","","","","","","","","","","","","","","","","","","","","","","","","","","","","","","6.3","","","","","6.3","","","","","6.4","","","","","6.9","","",
"Gibraltar","GIB","Suicide mortality rate (per 100,000 population)","SH.STA.SUIC.P5","","","","","","","","","","","","","","","","","","","","","","","","","","","","","","","","","","","","","","","","","","","","","","","","","","","","","","","","","","",
"Guinea","GIN","Suicide mortality rate (per 100,000 population)","SH.STA.SUIC.P5","","","","","","","","","","","","","","","","","","","","","","","","","","","","","","","","","","","","","","","","","6.7","","","","","7.4","","","","","7.8","","","","","7.7","","",
"Gambia, The","GMB","Suicide mortality rate (per 100,000 population)","SH.STA.SUIC.P5","","","","","","","","","","","","","","","","","","","","","","","","","","","","","","","","","","","","","","","","","7.6","","","","","6.8","","","","","6.3","","","","","6.2","","",
"Guinea-Bissau","GNB","Suicide mortality rate (per 100,000 population)","SH.STA.SUIC.P5","","","","","","","","","","","","","","","","","","","","","","","","","","","","","","","","","","","","","","","","","7","","","","","6.8","","","","","6.7","","","","","6.3","","",
"Equatorial Guinea","GNQ","Suicide mortality rate (per 100,000 population)","SH.STA.SUIC.P5","","","","","","","","","","","","","","","","","","","","","","","","","","","","","","","","","","","","","","","","","22.6","","","","","21.4","","","","","23.3","","","","","22.6","","",
"Greece","GRC","Suicide mortality rate (per 100,000 population)","SH.STA.SUIC.P5","","","","","","","","","","","","","","","","","","","","","","","","","","","","","","","","","","","","","","","","","3.9","","","","","3.9","","","","","4","","","","","4.3","","",
"Grenada","GRD","Suicide mortality rate (per 100,000 population)","SH.STA.SUIC.P5","","","","","","","","","","","","","","","","","","","","","","","","","","","","","","","","","","","","","","","","","1.7","","","","","2.5","","","","","0.6","","","","","0.5","","",
"Greenland","GRL","Suicide mortality rate (per 100,000 population)","SH.STA.SUIC.P5","","","","","","","","","","","","","","","","","","","","","","","","","","","","","","","","","","","","","","","","","","","","","","","","","","","","","","","","","","",
"Guatemala","GTM","Suicide mortality rate (per 100,000 population)","SH.STA.SUIC.P5","","","","","","","","","","","","","","","","","","","","","","","","","","","","","","","","","","","","","","","","","3.6","","","","","3.5","","","","","3.1","","","","","2.5","","",
"Guam","GUM","Suicide mortality rate (per 100,000 population)","SH.STA.SUIC.P5","","","","","","","","","","","","","","","","","","","","","","","","","","","","","","","","","","","","","","","","","","","","","","","","","","","","","","","","","","",
"Guyana","GUY","Suicide mortality rate (per 100,000 population)","SH.STA.SUIC.P5","","","","","","","","","","","","","","","","","","","","","","","","","","","","","","","","","","","","","","","","","22.3","","","","","24","","","","","25.8","","","","","29","","",
"High income","HIC","Suicide mortality rate (per 100,000 population)","SH.STA.SUIC.P5","","","","","","","","","","","","","","","","","","","","","","","","","","","","","","","","","","","","","","","","","14.1818504931593","","","","","14.5456243160459","","","","","14.8543552862507","","","","","14.4603298774576","","",
"Hong Kong SAR, China","HKG","Suicide mortality rate (per 100,000 population)","SH.STA.SUIC.P5","","","","","","","","","","","","","","","","","","","","","","","","","","","","","","","","","","","","","","","","","","","","","","","","","","","","","","","","","","",
"Honduras","HND","Suicide mortality rate (per 100,000 population)","SH.STA.SUIC.P5","","","","","","","","","","","","","","","","","","","","","","","","","","","","","","","","","","","","","","","","","2.9","","","","","3.8","","","","","3.8","","","","","3.5","","",
"Heavily indebted poor countries (HIPC)","HPC","Suicide mortality rate (per 100,000 population)","SH.STA.SUIC.P5","","","","","","","","","","","","","","","","","","","","","","","","","","","","","","","","","","","","","","","","","8.94778411915742","","","","","8.59423966359143","","","","","8.43289468735337","","","","","8.44416510100231","","",
"Croatia","HRV","Suicide mortality rate (per 100,000 population)","SH.STA.SUIC.P5","","","","","","","","","","","","","","","","","","","","","","","","","","","","","","","","","","","","","","","","","21.1","","","","","20","","","","","18.4","","","","","17.5","","",
"Haiti","HTI","Suicide mortality rate (per 100,000 population)","SH.STA.SUIC.P5","","","","","","","","","","","","","","","","","","","","","","","","","","","","","","","","","","","","","","","","","8.7","","","","","8.7","","","","","9.6","","","","","11.2","","",
"Hungary","HUN","Suicide mortality rate (per 100,000 population)","SH.STA.SUIC.P5","","","","","","","","","","","","","","","","","","","","","","","","","","","","","","","","","","","","","","","","","32.4","","","","","26.3","","","","","25.5","","","","","21.6","","",
"IBRD only","IBD","Suicide mortality rate (per 100,000 population)","SH.STA.SUIC.P5","","","","","","","","","","","","","","","","","","","","","","","","","","","","","","","","","","","","","","","","","13.0130991889599","","","","","12.1632228272976","","","","","11.628640076688","","","","","11.0009501962427","","",
"IDA & IBRD total","IBT","Suicide mortality rate (per 100,000 population)","SH.STA.SUIC.P5","","","","","","","","","","","","","","","","","","","","","","","","","","","","","","","","","","","","","","","","","11.852790486081","","","","","11.0682072596825","","","","","10.5873259490219","","","","","10.0679107481879","","",
"IDA total","IDA","Suicide mortality rate (per 100,000 population)","SH.STA.SUIC.P5","","","","","","","","","","","","","","","","","","","","","","","","","","","","","","","","","","","","","","","","","7.58849252988717","","","","","7.29346138892729","","","","","7.22422301207509","","","","","7.24306016960036","","",
"IDA blend","IDB","Suicide mortality rate (per 100,000 population)","SH.STA.SUIC.P5","","","","","","","","","","","","","","","","","","","","","","","","","","","","","","","","","","","","","","","","","7.01017311444697","","","","","6.69847234212127","","","","","6.79740986197279","","","","","6.88792729813511","","",
"Indonesia","IDN","Suicide mortality rate (per 100,000 population)","SH.STA.SUIC.P5","","","","","","","","","","","","","","","","","","","","","","","","","","","","","","","","","","","","","","","","","3.1","","","","","3.2","","","","","3.1","","","","","2.9","","",
"IDA only","IDX","Suicide mortality rate (per 100,000 population)","SH.STA.SUIC.P5","","","","","","","","","","","","","","","","","","","","","","","","","","","","","","","","","","","","","","","","","7.87699811269365","","","","","7.58694927137047","","","","","7.43460765674172","","","","","7.4189962481086","","",
"Isle of Man","IMN","Suicide mortality rate (per 100,000 population)","SH.STA.SUIC.P5","","","","","","","","","","","","","","","","","","","","","","","","","","","","","","","","","","","","","","","","","","","","","","","","","","","","","","","","","","",
"India","IND","Suicide mortality rate (per 100,000 population)","SH.STA.SUIC.P5","","","","","","","","","","","","","","","","","","","","","","","","","","","","","","","","","","","","","","","","","17.8","","","","","17.5","","","","","17.1","","","","","15.7","","",
"Not classified","INX","Suicide mortality rate (per 100,000 population)","SH.STA.SUIC.P5","","","","","","","","","","","","","","","","","","","","","","","","","","","","","","","","","","","","","","","","","","","","","","","","","","","","","","","","","","",
"Ireland","IRL","Suicide mortality rate (per 100,000 population)","SH.STA.SUIC.P5","","","","","","","","","","","","","","","","","","","","","","","","","","","","","","","","","","","","","","","","","12.5","","","","","11.5","","","","","11.6","","","","","11.7","","",
"Iran, Islamic Rep.","IRN","Suicide mortality rate (per 100,000 population)","SH.STA.SUIC.P5","","","","","","","","","","","","","","","","","","","","","","","","","","","","","","","","","","","","","","","","","8.9","","","","","9.6","","","","","6.1","","","","","3.6","","",
"Iraq","IRQ","Suicide mortality rate (per 100,000 population)","SH.STA.SUIC.P5","","","","","","","","","","","","","","","","","","","","","","","","","","","","","","","","","","","","","","","","","2.8","","","","","2.4","","","","","2.6","","","","","3","","",
"Iceland","ISL","Suicide mortality rate (per 100,000 population)","SH.STA.SUIC.P5","","","","","","","","","","","","","","","","","","","","","","","","","","","","","","","","","","","","","","","","","14.2","","","","","11.5","","","","","12.9","","","","","13.1","","",
"Israel","ISR","Suicide mortality rate (per 100,000 population)","SH.STA.SUIC.P5","","","","","","","","","","","","","","","","","","","","","","","","","","","","","","","","","","","","","","","","","7.3","","","","","7.2","","","","","6.9","","","","","5.5","","",
"Italy","ITA","Suicide mortality rate (per 100,000 population)","SH.STA.SUIC.P5","","","","","","","","","","","","","","","","","","","","","","","","","","","","","","","","","","","","","","","","","7.5","","","","","7.2","","","","","7","","","","","7.9","","",
"Jamaica","JAM","Suicide mortality rate (per 100,000 population)","SH.STA.SUIC.P5","","","","","","","","","","","","","","","","","","","","","","","","","","","","","","","","","","","","","","","","","0.2","","","","","1.9","","","","","0.5","","","","","1.4","","",
"Jordan","JOR","Suicide mortality rate (per 100,000 population)","SH.STA.SUIC.P5","","","","","","","","","","","","","","","","","","","","","","","","","","","","","","","","","","","","","","","","","3.7","","","","","3.4","","","","","3.3","","","","","3.2","","",
"Japan","JPN","Suicide mortality rate (per 100,000 population)","SH.STA.SUIC.P5","","","","","","","","","","","","","","","","","","","","","","","","","","","","","","","","","","","","","","","","","24.4","","","","","24.7","","","","","24.3","","","","","19.6","","",
"Kazakhstan","KAZ","Suicide mortality rate (per 100,000 population)","SH.STA.SUIC.P5","","","","","","","","","","","","","","","","","","","","","","","","","","","","","","","","","","","","","","","","","38","","","","","30.5","","","","","26.6","","","","","27.5","","",
"Kenya","KEN","Suicide mortality rate (per 100,000 population)","SH.STA.SUIC.P5","","","","","","","","","","","","","","","","","","","","","","","","","","","","","","","","","","","","","","","","","6.8","","","","","6.7","","","","","6.7","","","","","6.5","","",
"Kyrgyz Republic","KGZ","Suicide mortality rate (per 100,000 population)","SH.STA.SUIC.P5","","","","","","","","","","","","","","","","","","","","","","","","","","","","","","","","","","","","","","","","","12.3","","","","","10.9","","","","","8.7","","","","","7.4","","",
"Cambodia","KHM","Suicide mortality rate (per 100,000 population)","SH.STA.SUIC.P5","","","","","","","","","","","","","","","","","","","","","","","","","","","","","","","","","","","","","","","","","11.5","","","","","11.6","","","","","11.2","","","","","11.9","","",
"Kiribati","KIR","Suicide mortality rate (per 100,000 population)","SH.STA.SUIC.P5","","","","","","","","","","","","","","","","","","","","","","","","","","","","","","","","","","","","","","","","","14.7","","","","","14.5","","","","","15.1","","","","","14.3","","",
"St. Kitts and Nevis","KNA","Suicide mortality rate (per 100,000 population)","SH.STA.SUIC.P5","","","","","","","","","","","","","","","","","","","","","","","","","","","","","","","","","","","","","","","","","","","","","","","","","","","","","","","","","","",
"Korea, Rep.","KOR","Suicide mortality rate (per 100,000 population)","SH.STA.SUIC.P5","","","","","","","","","","","","","","","","","","","","","","","","","","","","","","","","","","","","","","","","","14.8","","","","","27.2","","","","","34.1","","","","","32","","",
"Kuwait","KWT","Suicide mortality rate (per 100,000 population)","SH.STA.SUIC.P5","","","","","","","","","","","","","","","","","","","","","","","","","","","","","","","","","","","","","","","","","2.7","","","","","2.6","","","","","3.5","","","","","4","","",
"Latin America & Caribbean (excluding high income)","LAC","Suicide mortality rate (per 100,000 population)","SH.STA.SUIC.P5","","","","","","","","","","","","","","","","","","","","","","","","","","","","","","","","","","","","","","","","","6.59337733862649","","","","","6.75996866277627","","","","","6.69848391540824","","","","","6.88974816534764","","",
"Lao PDR","LAO","Suicide mortality rate (per 100,000 population)","SH.STA.SUIC.P5","","","","","","","","","","","","","","","","","","","","","","","","","","","","","","","","","","","","","","","","","14.2","","","","","13.4","","","","","12.9","","","","","12.3","","",
"Lebanon","LBN","Suicide mortality rate (per 100,000 population)","SH.STA.SUIC.P5","","","","","","","","","","","","","","","","","","","","","","","","","","","","","","","","","","","","","","","","","3.1","","","","","2.9","","","","","2.8","","","","","3.1","","",
"Liberia","LBR","Suicide mortality rate (per 100,000 population)","SH.STA.SUIC.P5","","","","","","","","","","","","","","","","","","","","","","","","","","","","","","","","","","","","","","","","","5.9","","","","","6.7","","","","","6.3","","","","","6.3","","",
"Libya","LBY","Suicide mortality rate (per 100,000 population)","SH.STA.SUIC.P5","","","","","","","","","","","","","","","","","","","","","","","","","","","","","","","","","","","","","","","","","6.1","","","","","6","","","","","6.1","","","","","5.5","","",
"St. Lucia","LCA","Suicide mortality rate (per 100,000 population)","SH.STA.SUIC.P5","","","","","","","","","","","","","","","","","","","","","","","","","","","","","","","","","","","","","","","","","7.1","","","","","2.3","","","","","6.4","","","","","6.8","","",
"Latin America & Caribbean","LCN","Suicide mortality rate (per 100,000 population)","SH.STA.SUIC.P5","","","","","","","","","","","","","","","","","","","","","","","","","","","","","","","","","","","","","","","","","6.82116630947517","","","","","6.9389451224971","","","","","6.93216938382793","","","","","7.05051414098681","","",
"Least developed countries: UN classification","LDC","Suicide mortality rate (per 100,000 population)","SH.STA.SUIC.P5","","","","","","","","","","","","","","","","","","","","","","","","","","","","","","","","","","","","","","","","","8.14391211040719","","","","","7.8423893558913","","","","","7.74425482559832","","","","","7.6855734763476","","",
"Low income","LIC","Suicide mortality rate (per 100,000 population)","SH.STA.SUIC.P5","","","","","","","","","","","","","","","","","","","","","","","","","","","","","","","","","","","","","","","","","9.00677814441844","","","","","8.4853597159663","","","","","8.20053211506953","","","","","8.05096063041348","","",
"Liechtenstein","LIE","Suicide mortality rate (per 100,000 population)","SH.STA.SUIC.P5","","","","","","","","","","","","","","","","","","","","","","","","","","","","","","","","","","","","","","","","","","","","","","","","","","","","","","","","","","",
"Sri Lanka","LKA","Suicide mortality rate (per 100,000 population)","SH.STA.SUIC.P5","","","","","","","","","","","","","","","","","","","","","","","","","","","","","","","","","","","","","","","","","36.4","","","","","30.5","","","","","28.6","","","","","35.3","","",
"Lower middle income","LMC","Suicide mortality rate (per 100,000 population)","SH.STA.SUIC.P5","","","","","","","","","","","","","","","","","","","","","","","","","","","","","","","","","","","","","","","","","12.2591716975265","","","","","11.7393368217377","","","","","11.4222488356503","","","","","10.6991356075872","","",
"Low & middle income","LMY","Suicide mortality rate (per 100,000 population)","SH.STA.SUIC.P5","","","","","","","","","","","","","","","","","","","","","","","","","","","","","","","","","","","","","","","","","11.8226776350886","","","","","11.030410963853","","","","","10.535022203982","","","","","10.013280260429","","",
"Lesotho","LSO","Suicide mortality rate (per 100,000 population)","SH.STA.SUIC.P5","","","","","","","","","","","","","","","","","","","","","","","","","","","","","","","","","","","","","","","","","12.2","","","","","11.2","","","","","11.1","","","","","10.4","","",
"Late-demographic dividend","LTE","Suicide mortality rate (per 100,000 population)","SH.STA.SUIC.P5","","","","","","","","","","","","","","","","","","","","","","","","","","","","","","","","","","","","","","","","","12.8135053889955","","","","","11.6417409450666","","","","","11.0359864947296","","","","","10.7473511369554","","",
"Lithuania","LTU","Suicide mortality rate (per 100,000 population)","SH.STA.SUIC.P5","","","","","","","","","","","","","","","","","","","","","","","","","","","","","","","","","","","","","","","","","50.1","","","","","41.2","","","","","33.9","","","","","32.7","","",
"Luxembourg","LUX","Suicide mortality rate (per 100,000 population)","SH.STA.SUIC.P5","","","","","","","","","","","","","","","","","","","","","","","","","","","","","","","","","","","","","","","","","15.9","","","","","13.2","","","","","11.8","","","","","11.1","","",
"Latvia","LVA","Suicide mortality rate (per 100,000 population)","SH.STA.SUIC.P5","","","","","","","","","","","","","","","","","","","","","","","","","","","","","","","","","","","","","","","","","36.4","","","","","27.5","","","","","23.2","","","","","21.7","","",
"Macao SAR, China","MAC","Suicide mortality rate (per 100,000 population)","SH.STA.SUIC.P5","","","","","","","","","","","","","","","","","","","","","","","","","","","","","","","","","","","","","","","","","","","","","","","","","","","","","","","","","","",
"St. Martin (French part)","MAF","Suicide mortality rate (per 100,000 population)","SH.STA.SUIC.P5","","","","","","","","","","","","","","","","","","","","","","","","","","","","","","","","","","","","","","","","","","","","","","","","","","","","","","","","","","",
"Morocco","MAR","Suicide mortality rate (per 100,000 population)","SH.STA.SUIC.P5","","","","","","","","","","","","","","","","","","","","","","","","","","","","","","","","","","","","","","","","","8.6","","","","","7.2","","","","","5.3","","","","","4.8","","",
"Monaco","MCO","Suicide mortality rate (per 100,000 population)","SH.STA.SUIC.P5","","","","","","","","","","","","","","","","","","","","","","","","","","","","","","","","","","","","","","","","","","","","","","","","","","","","","","","","","","",
"Moldova","MDA","Suicide mortality rate (per 100,000 population)","SH.STA.SUIC.P5","","","","","","","","","","","","","","","","","","","","","","","","","","","","","","","","","","","","","","","","","17.1","","","","","19.9","","","","","20.4","","","","","14.8","","",
"Madagascar","MDG","Suicide mortality rate (per 100,000 population)","SH.STA.SUIC.P5","","","","","","","","","","","","","","","","","","","","","","","","","","","","","","","","","","","","","","","","","5.4","","","","","5.3","","","","","5.3","","","","","4.6","","",
"Maldives","MDV","Suicide mortality rate (per 100,000 population)","SH.STA.SUIC.P5","","","","","","","","","","","","","","","","","","","","","","","","","","","","","","","","","","","","","","","","","14.5","","","","","11.5","","","","","9.8","","","","","8.6","","",
"Middle East & North Africa","MEA","Suicide mortality rate (per 100,000 population)","SH.STA.SUIC.P5","","","","","","","","","","","","","","","","","","","","","","","","","","","","","","","","","","","","","","","","","5.11200371765167","","","","","5.08194016862634","","","","","4.27018079943363","","","","","3.7441334222631","","",
"Mexico","MEX","Suicide mortality rate (per 100,000 population)","SH.STA.SUIC.P5","","","","","","","","","","","","","","","","","","","","","","","","","","","","","","","","","","","","","","","","","3.4","","","","","4","","","","","4.2","","","","","5","","",
"Marshall Islands","MHL","Suicide mortality rate (per 100,000 population)","SH.STA.SUIC.P5","","","","","","","","","","","","","","","","","","","","","","","","","","","","","","","","","","","","","","","","","","","","","","","","","","","","","","","","","","",
"Middle income","MIC","Suicide mortality rate (per 100,000 population)","SH.STA.SUIC.P5","","","","","","","","","","","","","","","","","","","","","","","","","","","","","","","","","","","","","","","","","12.0815619765802","","","","","11.2829358206856","","","","","10.7854025332705","","","","","10.2410201395144","","",
"Macedonia, FYR","MKD","Suicide mortality rate (per 100,000 population)","SH.STA.SUIC.P5","","","","","","","","","","","","","","","","","","","","","","","","","","","","","","","","","","","","","","","","","7.8","","","","","7.3","","","","","6","","","","","8","","",
"Mali","MLI","Suicide mortality rate (per 100,000 population)","SH.STA.SUIC.P5","","","","","","","","","","","","","","","","","","","","","","","","","","","","","","","","","","","","","","","","","5.8","","","","","5.8","","","","","5.9","","","","","5.7","","",
"Malta","MLT","Suicide mortality rate (per 100,000 population)","SH.STA.SUIC.P5","","","","","","","","","","","","","","","","","","","","","","","","","","","","","","","","","","","","","","","","","6.5","","","","","5.5","","","","","7.5","","","","","6","","",
"Myanmar","MMR","Suicide mortality rate (per 100,000 population)","SH.STA.SUIC.P5","","","","","","","","","","","","","","","","","","","","","","","","","","","","","","","","","","","","","","","","","3.5","","","","","3.5","","","","","3.7","","","","","4.3","","",
"Middle East & North Africa (excluding high income)","MNA","Suicide mortality rate (per 100,000 population)","SH.STA.SUIC.P5","","","","","","","","","","","","","","","","","","","","","","","","","","","","","","","","","","","","","","","","","5.25637216085164","","","","","5.25939475917586","","","","","4.26534511996439","","","","","3.69984465067951","","",
"Montenegro","MNE","Suicide mortality rate (per 100,000 population)","SH.STA.SUIC.P5","","","","","","","","","","","","","","","","","","","","","","","","","","","","","","","","","","","","","","","","","10.7","","","","","11.7","","","","","11","","","","","11","","",
"Mongolia","MNG","Suicide mortality rate (per 100,000 population)","SH.STA.SUIC.P5","","","","","","","","","","","","","","","","","","","","","","","","","","","","","","","","","","","","","","","","","27.1","","","","","31.6","","","","","32.9","","","","","28.3","","",
"Northern Mariana Islands","MNP","Suicide mortality rate (per 100,000 population)","SH.STA.SUIC.P5","","","","","","","","","","","","","","","","","","","","","","","","","","","","","","","","","","","","","","","","","","","","","","","","","","","","","","","","","","",
"Mozambique","MOZ","Suicide mortality rate (per 100,000 population)","SH.STA.SUIC.P5","","","","","","","","","","","","","","","","","","","","","","","","","","","","","","","","","","","","","","","","","9.7","","","","","8.9","","","","","8.8","","","","","8.4","","",
"Mauritania","MRT","Suicide mortality rate (per 100,000 population)","SH.STA.SUIC.P5","","","","","","","","","","","","","","","","","","","","","","","","","","","","","","","","","","","","","","","","","4.8","","","","","5.1","","","","","5.5","","","","","5.9","","",
"Mauritius","MUS","Suicide mortality rate (per 100,000 population)","SH.STA.SUIC.P5","","","","","","","","","","","","","","","","","","","","","","","","","","","","","","","","","","","","","","","","","12.6","","","","","9.1","","","","","8.3","","","","","9.3","","",
"Malawi","MWI","Suicide mortality rate (per 100,000 population)","SH.STA.SUIC.P5","","","","","","","","","","","","","","","","","","","","","","","","","","","","","","","","","","","","","","","","","6.6","","","","","5.5","","","","","5.3","","","","","5.5","","",
"Malaysia","MYS","Suicide mortality rate (per 100,000 population)","SH.STA.SUIC.P5","","","","","","","","","","","","","","","","","","","","","","","","","","","","","","","","","","","","","","","","","5.9","","","","","5.3","","","","","5.4","","","","","5.8","","",
"North America","NAC","Suicide mortality rate (per 100,000 population)","SH.STA.SUIC.P5","","","","","","","","","","","","","","","","","","","","","","","","","","","","","","","","","","","","","","","","","10.9573233243552","","","","","11.7887073308696","","","","","12.8801922640845","","","","","14.0991052039986","","",
"Namibia","NAM","Suicide mortality rate (per 100,000 population)","SH.STA.SUIC.P5","","","","","","","","","","","","","","","","","","","","","","","","","","","","","","","","","","","","","","","","","10","","","","","9.1","","","","","8.7","","","","","7.6","","",
"New Caledonia","NCL","Suicide mortality rate (per 100,000 population)","SH.STA.SUIC.P5","","","","","","","","","","","","","","","","","","","","","","","","","","","","","","","","","","","","","","","","","","","","","","","","","","","","","","","","","","",
"Niger","NER","Suicide mortality rate (per 100,000 population)","SH.STA.SUIC.P5","","","","","","","","","","","","","","","","","","","","","","","","","","","","","","","","","","","","","","","","","4.5","","","","","4.8","","","","","4.7","","","","","4.1","","",
"Nigeria","NGA","Suicide mortality rate (per 100,000 population)","SH.STA.SUIC.P5","","","","","","","","","","","","","","","","","","","","","","","","","","","","","","","","","","","","","","","","","9.9","","","","","9.5","","","","","9.8","","","","","9.9","","",
"Nicaragua","NIC","Suicide mortality rate (per 100,000 population)","SH.STA.SUIC.P5","","","","","","","","","","","","","","","","","","","","","","","","","","","","","","","","","","","","","","","","","15.1","","","","","15.1","","","","","10.2","","","","","9.5","","",
"Netherlands","NLD","Suicide mortality rate (per 100,000 population)","SH.STA.SUIC.P5","","","","","","","","","","","","","","","","","","","","","","","","","","","","","","","","","","","","","","","","","9.7","","","","","9.8","","","","","9.8","","","","","11.9","","",
"Norway","NOR","Suicide mortality rate (per 100,000 population)","SH.STA.SUIC.P5","","","","","","","","","","","","","","","","","","","","","","","","","","","","","","","","","","","","","","","","","13.2","","","","","11.8","","","","","11.7","","","","","10.9","","",
"Nepal","NPL","Suicide mortality rate (per 100,000 population)","SH.STA.SUIC.P5","","","","","","","","","","","","","","","","","","","","","","","","","","","","","","","","","","","","","","","","","8.8","","","","","7.4","","","","","6.6","","","","","6","","",
"Nauru","NRU","Suicide mortality rate (per 100,000 population)","SH.STA.SUIC.P5","","","","","","","","","","","","","","","","","","","","","","","","","","","","","","","","","","","","","","","","","","","","","","","","","","","","","","","","","","",
"New Zealand","NZL","Suicide mortality rate (per 100,000 population)","SH.STA.SUIC.P5","","","","","","","","","","","","","","","","","","","","","","","","","","","","","","","","","","","","","","","","","12.5","","","","","13","","","","","12.7","","","","","12.6","","",
"OECD members","OED","Suicide mortality rate (per 100,000 population)","SH.STA.SUIC.P5","","","","","","","","","","","","","","","","","","","","","","","","","","","","","","","","","","","","","","","","","13.377759283281","","","","","13.6859551580955","","","","","13.9159150448257","","","","","13.5597562153956","","",
"Oman","OMN","Suicide mortality rate (per 100,000 population)","SH.STA.SUIC.P5","","","","","","","","","","","","","","","","","","","","","","","","","","","","","","","","","","","","","","","","","5.1","","","","","4","","","","","4.9","","","","","5.6","","",
"Other small states","OSS","Suicide mortality rate (per 100,000 population)","SH.STA.SUIC.P5","","","","","","","","","","","","","","","","","","","","","","","","","","","","","","","","","","","","","","","","","11.2832155856885","","","","","9.9951495500107","","","","","9.74059910863505","","","","","9.37629680844844","","",
"Pakistan","PAK","Suicide mortality rate (per 100,000 population)","SH.STA.SUIC.P5","","","","","","","","","","","","","","","","","","","","","","","","","","","","","","","","","","","","","","","","","2.6","","","","","2.3","","","","","2.1","","","","","2.1","","",
"Panama","PAN","Suicide mortality rate (per 100,000 population)","SH.STA.SUIC.P5","","","","","","","","","","","","","","","","","","","","","","","","","","","","","","","","","","","","","","","","","6.5","","","","","7","","","","","5.8","","","","","5.5","","",
"Peru","PER","Suicide mortality rate (per 100,000 population)","SH.STA.SUIC.P5","","","","","","","","","","","","","","","","","","","","","","","","","","","","","","","","","","","","","","","","","6.3","","","","","6.3","","","","","6.4","","","","","5.8","","",
"Philippines","PHL","Suicide mortality rate (per 100,000 population)","SH.STA.SUIC.P5","","","","","","","","","","","","","","","","","","","","","","","","","","","","","","","","","","","","","","","","","2.6","","","","","2.9","","","","","3.8","","","","","3.4","","",
"Palau","PLW","Suicide mortality rate (per 100,000 population)","SH.STA.SUIC.P5","","","","","","","","","","","","","","","","","","","","","","","","","","","","","","","","","","","","","","","","","","","","","","","","","","","","","","","","","","",
"Papua New Guinea","PNG","Suicide mortality rate (per 100,000 population)","SH.STA.SUIC.P5","","","","","","","","","","","","","","","","","","","","","","","","","","","","","","","","","","","","","","","","","10.9","","","","","9.1","","","","","9.6","","","","","10.3","","",
"Poland","POL","Suicide mortality rate (per 100,000 population)","SH.STA.SUIC.P5","","","","","","","","","","","","","","","","","","","","","","","","","","","","","","","","","","","","","","","","","20.7","","","","","22.4","","","","","23.1","","","","","22.3","","",
"Pre-demographic dividend","PRE","Suicide mortality rate (per 100,000 population)","SH.STA.SUIC.P5","","","","","","","","","","","","","","","","","","","","","","","","","","","","","","","","","","","","","","","","","8.87670394824772","","","","","8.68919382350983","","","","","8.72227126463568","","","","","8.71568679557407","","",
"Puerto Rico","PRI","Suicide mortality rate (per 100,000 population)","SH.STA.SUIC.P5","","","","","","","","","","","","","","","","","","","","","","","","","","","","","","","","","","","","","","","","","11","","","","","10.6","","","","","9.9","","","","","9","","",
"Korea, Dem. People’s Rep.","PRK","Suicide mortality rate (per 100,000 population)","SH.STA.SUIC.P5","","","","","","","","","","","","","","","","","","","","","","","","","","","","","","","","","","","","","","","","","19","","","","","20.9","","","","","19","","","","","15.8","","",
"Portugal","PRT","Suicide mortality rate (per 100,000 population)","SH.STA.SUIC.P5","","","","","","","","","","","","","","","","","","","","","","","","","","","","","","","","","","","","","","","","","7.4","","","","","10.9","","","","","13.5","","","","","13.6","","",
"Paraguay","PRY","Suicide mortality rate (per 100,000 population)","SH.STA.SUIC.P5","","","","","","","","","","","","","","","","","","","","","","","","","","","","","","","","","","","","","","","","","10.6","","","","","10.4","","","","","9.7","","","","","10.2","","",
"West Bank and Gaza","PSE","Suicide mortality rate (per 100,000 population)","SH.STA.SUIC.P5","","","","","","","","","","","","","","","","","","","","","","","","","","","","","","","","","","","","","","","","","2.3","","","","","2","","","","","1.9","","","","","1.8","","",
"Pacific island small states","PSS","Suicide mortality rate (per 100,000 population)","SH.STA.SUIC.P5","","","","","","","","","","","","","","","","","","","","","","","","","","","","","","","","","","","","","","","","","9.59072543603294","","","","","8.89531471606811","","","","","8.5353578746089","","","","","7.96606474358492","","",
"Post-demographic dividend","PST","Suicide mortality rate (per 100,000 population)","SH.STA.SUIC.P5","","","","","","","","","","","","","","","","","","","","","","","","","","","","","","","","","","","","","","","","","15.751672649515","","","","","15.4439106805169","","","","","15.4946010051515","","","","","15.0937432153121","","",
"French Polynesia","PYF","Suicide mortality rate (per 100,000 population)","SH.STA.SUIC.P5","","","","","","","","","","","","","","","","","","","","","","","","","","","","","","","","","","","","","","","","","","","","","","","","","","","","","","","","","","",
"Qatar","QAT","Suicide mortality rate (per 100,000 population)","SH.STA.SUIC.P5","","","","","","","","","","","","","","","","","","","","","","","","","","","","","","","","","","","","","","","","","3.3","","","","","3.5","","","","","7","","","","","6.4","","",
"Romania","ROU","Suicide mortality rate (per 100,000 population)","SH.STA.SUIC.P5","","","","","","","","","","","","","","","","","","","","","","","","","","","","","","","","","","","","","","","","","13","","","","","12.4","","","","","14","","","","","11.7","","",
"Russian Federation","RUS","Suicide mortality rate (per 100,000 population)","SH.STA.SUIC.P5","","","","","","","","","","","","","","","","","","","","","","","","","","","","","","","","","","","","","","","","","38.7","","","","","33.6","","","","","25.7","","","","","20.1","","",
"Rwanda","RWA","Suicide mortality rate (per 100,000 population)","SH.STA.SUIC.P5","","","","","","","","","","","","","","","","","","","","","","","","","","","","","","","","","","","","","","","","","11.1","","","","","10.3","","","","","9.1","","","","","8.5","","",
"South Asia","SAS","Suicide mortality rate (per 100,000 population)","SH.STA.SUIC.P5","","","","","","","","","","","","","","","","","","","","","","","","","","","","","","","","","","","","","","","","","15.1634906533853","","","","","14.7313619812235","","","","","14.2759245523227","","","","","13.1560893613353","","",
"Saudi Arabia","SAU","Suicide mortality rate (per 100,000 population)","SH.STA.SUIC.P5","","","","","","","","","","","","","","","","","","","","","","","","","","","","","","","","","","","","","","","","","2.9","","","","","2.9","","","","","3.5","","","","","3.4","","",
"Sudan","SDN","Suicide mortality rate (per 100,000 population)","SH.STA.SUIC.P5","","","","","","","","","","","","","","","","","","","","","","","","","","","","","","","","","","","","","","","","","10.7","","","","","11","","","","","10.9","","","","","10.2","","",
"Senegal","SEN","Suicide mortality rate (per 100,000 population)","SH.STA.SUIC.P5","","","","","","","","","","","","","","","","","","","","","","","","","","","","","","","","","","","","","","","","","8.1","","","","","8.1","","","","","7","","","","","6.1","","",
"Singapore","SGP","Suicide mortality rate (per 100,000 population)","SH.STA.SUIC.P5","","","","","","","","","","","","","","","","","","","","","","","","","","","","","","","","","","","","","","","","","11.9","","","","","11.6","","","","","10.6","","","","","9.9","","",
"Solomon Islands","SLB","Suicide mortality rate (per 100,000 population)","SH.STA.SUIC.P5","","","","","","","","","","","","","","","","","","","","","","","","","","","","","","","","","","","","","","","","","11.8","","","","","8.8","","","","","8.1","","","","","7.9","","",
"Sierra Leone","SLE","Suicide mortality rate (per 100,000 population)","SH.STA.SUIC.P5","","","","","","","","","","","","","","","","","","","","","","","","","","","","","","","","","","","","","","","","","16.7","","","","","15.7","","","","","14.5","","","","","15.3","","",
"El Salvador","SLV","Suicide mortality rate (per 100,000 population)","SH.STA.SUIC.P5","","","","","","","","","","","","","","","","","","","","","","","","","","","","","","","","","","","","","","","","","15.4","","","","","14.5","","","","","12.2","","","","","11.1","","",
"San Marino","SMR","Suicide mortality rate (per 100,000 population)","SH.STA.SUIC.P5","","","","","","","","","","","","","","","","","","","","","","","","","","","","","","","","","","","","","","","","","","","","","","","","","","","","","","","","","","",
"Somalia","SOM","Suicide mortality rate (per 100,000 population)","SH.STA.SUIC.P5","","","","","","","","","","","","","","","","","","","","","","","","","","","","","","","","","","","","","","","","","5.6","","","","","5.3","","","","","4.9","","","","","5.4","","",
"Serbia","SRB","Suicide mortality rate (per 100,000 population)","SH.STA.SUIC.P5","","","","","","","","","","","","","","","","","","","","","","","","","","","","","","","","","","","","","","","","","20.9","","","","","19.3","","","","","16.4","","","","","17","","",
"Sub-Saharan Africa (excluding high income)","SSA","Suicide mortality rate (per 100,000 population)","SH.STA.SUIC.P5","","","","","","","","","","","","","","","","","","","","","","","","","","","","","","","","","","","","","","","","","9.36631753629312","","","","","9.02676185106673","","","","","9.06508985985946","","","","","9.09869721435493","","",
"South Sudan","SSD","Suicide mortality rate (per 100,000 population)","SH.STA.SUIC.P5","","","","","","","","","","","","","","","","","","","","","","","","","","","","","","","","","","","","","","","","","7.2","","","","","7","","","","","6.9","","","","","6.4","","",
"Sub-Saharan Africa","SSF","Suicide mortality rate (per 100,000 population)","SH.STA.SUIC.P5","","","","","","","","","","","","","","","","","","","","","","","","","","","","","","","","","","","","","","","","","9.36622483198895","","","","","9.02680221988732","","","","","9.06514457422956","","","","","9.09871591048658","","",
"Small states","SST","Suicide mortality rate (per 100,000 population)","SH.STA.SUIC.P5","","","","","","","","","","","","","","","","","","","","","","","","","","","","","","","","","","","","","","","","","10.4850347316635","","","","","9.56933967426426","","","","","9.3976430895071","","","","","9.27759925099238","","",
"Sao Tome and Principe","STP","Suicide mortality rate (per 100,000 population)","SH.STA.SUIC.P5","","","","","","","","","","","","","","","","","","","","","","","","","","","","","","","","","","","","","","","","","2.1","","","","","1.9","","","","","1.9","","","","","2","","",
"Suriname","SUR","Suicide mortality rate (per 100,000 population)","SH.STA.SUIC.P5","","","","","","","","","","","","","","","","","","","","","","","","","","","","","","","","","","","","","","","","","25.7","","","","","28.1","","","","","28.1","","","","","26.6","","",
"Slovak Republic","SVK","Suicide mortality rate (per 100,000 population)","SH.STA.SUIC.P5","","","","","","","","","","","","","","","","","","","","","","","","","","","","","","","","","","","","","","","","","14.2","","","","","13.8","","","","","13.5","","","","","12.5","","",
"Slovenia","SVN","Suicide mortality rate (per 100,000 population)","SH.STA.SUIC.P5","","","","","","","","","","","","","","","","","","","","","","","","","","","","","","","","","","","","","","","","","31.8","","","","","26.5","","","","","20.6","","","","","21.4","","",
"Sweden","SWE","Suicide mortality rate (per 100,000 population)","SH.STA.SUIC.P5","","","","","","","","","","","","","","","","","","","","","","","","","","","","","","","","","","","","","","","","","15.1","","","","","15.7","","","","","14.6","","","","","15.4","","",
"Swaziland","SWZ","Suicide mortality rate (per 100,000 population)","SH.STA.SUIC.P5","","","","","","","","","","","","","","","","","","","","","","","","","","","","","","","","","","","","","","","","","15.8","","","","","15.9","","","","","15.2","","","","","14.7","","",
"Sint Maarten (Dutch part)","SXM","Suicide mortality rate (per 100,000 population)","SH.STA.SUIC.P5","","","","","","","","","","","","","","","","","","","","","","","","","","","","","","","","","","","","","","","","","","","","","","","","","","","","","","","","","","",
"Seychelles","SYC","Suicide mortality rate (per 100,000 population)","SH.STA.SUIC.P5","","","","","","","","","","","","","","","","","","","","","","","","","","","","","","","","","","","","","","","","","8.6","","","","","9.4","","","","","9.6","","","","","9.3","","",
"Syrian Arab Republic","SYR","Suicide mortality rate (per 100,000 population)","SH.STA.SUIC.P5","","","","","","","","","","","","","","","","","","","","","","","","","","","","","","","","","","","","","","","","","1.9","","","","","1.9","","","","","2.3","","","","","2.7","","",
"Turks and Caicos Islands","TCA","Suicide mortality rate (per 100,000 population)","SH.STA.SUIC.P5","","","","","","","","","","","","","","","","","","","","","","","","","","","","","","","","","","","","","","","","","","","","","","","","","","","","","","","","","","",
"Chad","TCD","Suicide mortality rate (per 100,000 population)","SH.STA.SUIC.P5","","","","","","","","","","","","","","","","","","","","","","","","","","","","","","","","","","","","","","","","","7.1","","","","","7.5","","","","","8","","","","","8.7","","",
"East Asia & Pacific (IDA & IBRD countries)","TEA","Suicide mortality rate (per 100,000 population)","SH.STA.SUIC.P5","","","","","","","","","","","","","","","","","","","","","","","","","","","","","","","","","","","","","","","","","9.27760524691176","","","","","8.54239715368183","","","","","8.58621252554887","","","","","8.67369806145854","","",
"Europe & Central Asia (IDA & IBRD countries)","TEC","Suicide mortality rate (per 100,000 population)","SH.STA.SUIC.P5","","","","","","","","","","","","","","","","","","","","","","","","","","","","","","","","","","","","","","","","","26.1476675328838","","","","","22.1929074754477","","","","","18.5676365540077","","","","","15.9104703124077","","",
"Togo","TGO","Suicide mortality rate (per 100,000 population)","SH.STA.SUIC.P5","","","","","","","","","","","","","","","","","","","","","","","","","","","","","","","","","","","","","","","","","9.7","","","","","9.8","","","","","9.4","","","","","9.5","","",
"Thailand","THA","Suicide mortality rate (per 100,000 population)","SH.STA.SUIC.P5","","","","","","","","","","","","","","","","","","","","","","","","","","","","","","","","","","","","","","","","","10.7","","","","","13.1","","","","","15.8","","","","","16","","",
"Tajikistan","TJK","Suicide mortality rate (per 100,000 population)","SH.STA.SUIC.P5","","","","","","","","","","","","","","","","","","","","","","","","","","","","","","","","","","","","","","","","","4.2","","","","","4.2","","","","","3.8","","","","","4","","",
"Turkmenistan","TKM","Suicide mortality rate (per 100,000 population)","SH.STA.SUIC.P5","","","","","","","","","","","","","","","","","","","","","","","","","","","","","","","","","","","","","","","","","8.6","","","","","11.3","","","","","9.9","","","","","10","","",
"Latin America & the Caribbean (IDA & IBRD countries)","TLA","Suicide mortality rate (per 100,000 population)","SH.STA.SUIC.P5","","","","","","","","","","","","","","","","","","","","","","","","","","","","","","","","","","","","","","","","","6.58550938738066","","","","","6.79365590239241","","","","","6.7689865717326","","","","","6.91631529453963","","",
"Timor-Leste","TLS","Suicide mortality rate (per 100,000 population)","SH.STA.SUIC.P5","","","","","","","","","","","","","","","","","","","","","","","","","","","","","","","","","","","","","","","","","10.7","","","","","7.3","","","","","8","","","","","7.1","","",
"Middle East & North Africa (IDA & IBRD countries)","TMN","Suicide mortality rate (per 100,000 population)","SH.STA.SUIC.P5","","","","","","","","","","","","","","","","","","","","","","","","","","","","","","","","","","","","","","","","","5.28744389522174","","","","","5.29508015301158","","","","","4.29251622993374","","","","","3.72298722947076","","",
"Tonga","TON","Suicide mortality rate (per 100,000 population)","SH.STA.SUIC.P5","","","","","","","","","","","","","","","","","","","","","","","","","","","","","","","","","","","","","","","","","3.7","","","","","3.5","","","","","3.6","","","","","3.5","","",
"South Asia (IDA & IBRD)","TSA","Suicide mortality rate (per 100,000 population)","SH.STA.SUIC.P5","","","","","","","","","","","","","","","","","","","","","","","","","","","","","","","","","","","","","","","","","15.1634906533853","","","","","14.7313619812235","","","","","14.2759245523227","","","","","13.1560893613353","","",
"Sub-Saharan Africa (IDA & IBRD countries)","TSS","Suicide mortality rate (per 100,000 population)","SH.STA.SUIC.P5","","","","","","","","","","","","","","","","","","","","","","","","","","","","","","","","","","","","","","","","","9.36622483198895","","","","","9.02680221988731","","","","","9.06514457422956","","","","","9.09871591048657","","",
"Trinidad and Tobago","TTO","Suicide mortality rate (per 100,000 population)","SH.STA.SUIC.P5","","","","","","","","","","","","","","","","","","","","","","","","","","","","","","","","","","","","","","","","","13.9","","","","","10.6","","","","","12.9","","","","","14.5","","",
"Tunisia","TUN","Suicide mortality rate (per 100,000 population)","SH.STA.SUIC.P5","","","","","","","","","","","","","","","","","","","","","","","","","","","","","","","","","","","","","","","","","4.7","","","","","4.8","","","","","5.2","","","","","5.5","","",
"Turkey","TUR","Suicide mortality rate (per 100,000 population)","SH.STA.SUIC.P5","","","","","","","","","","","","","","","","","","","","","","","","","","","","","","","","","","","","","","","","","13.4","","","","","11.5","","","","","10.5","","","","","8.7","","",
"Tuvalu","TUV","Suicide mortality rate (per 100,000 population)","SH.STA.SUIC.P5","","","","","","","","","","","","","","","","","","","","","","","","","","","","","","","","","","","","","","","","","","","","","","","","","","","","","","","","","","",
"Tanzania","TZA","Suicide mortality rate (per 100,000 population)","SH.STA.SUIC.P5","","","","","","","","","","","","","","","","","","","","","","","","","","","","","","","","","","","","","","","","","7.9","","","","","6.8","","","","","6.8","","","","","7","","",
"Uganda","UGA","Suicide mortality rate (per 100,000 population)","SH.STA.SUIC.P5","","","","","","","","","","","","","","","","","","","","","","","","","","","","","","","","","","","","","","","","","7.4","","","","","6.7","","","","","6.9","","","","","7.1","","",
"Ukraine","UKR","Suicide mortality rate (per 100,000 population)","SH.STA.SUIC.P5","","","","","","","","","","","","","","","","","","","","","","","","","","","","","","","","","","","","","","","","","37","","","","","26","","","","","22.5","","","","","20.1","","",
"Upper middle income","UMC","Suicide mortality rate (per 100,000 population)","SH.STA.SUIC.P5","","","","","","","","","","","","","","","","","","","","","","","","","","","","","","","","","","","","","","","","","11.8997894277229","","","","","10.794152731039","","","","","10.073241386526","","","","","9.70962368444562","","",
"Uruguay","URY","Suicide mortality rate (per 100,000 population)","SH.STA.SUIC.P5","","","","","","","","","","","","","","","","","","","","","","","","","","","","","","","","","","","","","","","","","16.3","","","","","14.9","","","","","16.4","","","","","17","","",
"United States","USA","Suicide mortality rate (per 100,000 population)","SH.STA.SUIC.P5","","","","","","","","","","","","","","","","","","","","","","","","","","","","","","","","","","","","","","","","","10.8","","","","","11.7","","","","","12.9","","","","","14.3","","",
"Uzbekistan","UZB","Suicide mortality rate (per 100,000 population)","SH.STA.SUIC.P5","","","","","","","","","","","","","","","","","","","","","","","","","","","","","","","","","","","","","","","","","7.7","","","","","6.3","","","","","6.9","","","","","9.3","","",
"St. Vincent and the Grenadines","VCT","Suicide mortality rate (per 100,000 population)","SH.STA.SUIC.P5","","","","","","","","","","","","","","","","","","","","","","","","","","","","","","","","","","","","","","","","","6.3","","","","","8.8","","","","","3.8","","","","","2.7","","",
"Venezuela, RB","VEN","Suicide mortality rate (per 100,000 population)","SH.STA.SUIC.P5","","","","","","","","","","","","","","","","","","","","","","","","","","","","","","","","","","","","","","","","","7.8","","","","","5.5","","","","","3.4","","","","","3","","",
"British Virgin Islands","VGB","Suicide mortality rate (per 100,000 population)","SH.STA.SUIC.P5","","","","","","","","","","","","","","","","","","","","","","","","","","","","","","","","","","","","","","","","","","","","","","","","","","","","","","","","","","",
"Virgin Islands (U.S.)","VIR","Suicide mortality rate (per 100,000 population)","SH.STA.SUIC.P5","","","","","","","","","","","","","","","","","","","","","","","","","","","","","","","","","","","","","","","","","","","","","","","","","","","","","","","","","","",
"Vietnam","VNM","Suicide mortality rate (per 100,000 population)","SH.STA.SUIC.P5","","","","","","","","","","","","","","","","","","","","","","","","","","","","","","","","","","","","","","","","","6.8","","","","","6.5","","","","","7.1","","","","","7.4","","",
"Vanuatu","VUT","Suicide mortality rate (per 100,000 population)","SH.STA.SUIC.P5","","","","","","","","","","","","","","","","","","","","","","","","","","","","","","","","","","","","","","","","","8.8","","","","","7.5","","","","","6.4","","","","","5.8","","",
"World","WLD","Suicide mortality rate (per 100,000 population)","SH.STA.SUIC.P5","","","","","","","","","","","","","","","","","","","","","","","","","","","","","","","","","","","","","","","","","12.2325242119592","","","","","11.6233993533196","","","","","11.2464345256868","","","","","10.7234320972297","","",
"Samoa","WSM","Suicide mortality rate (per 100,000 population)","SH.STA.SUIC.P5","","","","","","","","","","","","","","","","","","","","","","","","","","","","","","","","","","","","","","","","","9.1","","","","","7.3","","","","","6.2","","","","","5.7","","",
"Kosovo","XKX","Suicide mortality rate (per 100,000 population)","SH.STA.SUIC.P5","","","","","","","","","","","","","","","","","","","","","","","","","","","","","","","","","","","","","","","","","","","","","","","","","","","","","","","","","","",
"Yemen, Rep.","YEM","Suicide mortality rate (per 100,000 population)","SH.STA.SUIC.P5","","","","","","","","","","","","","","","","","","","","","","","","","","","","","","","","","","","","","","","","","7.1","","","","","7.9","","","","","8.5","","","","","8.2","","",
"South Africa","ZAF","Suicide mortality rate (per 100,000 population)","SH.STA.SUIC.P5","","","","","","","","","","","","","","","","","","","","","","","","","","","","","","","","","","","","","","","","","10.1","","","","","9.7","","","","","10.1","","","","","10.7","","",
"Zambia","ZMB","Suicide mortality rate (per 100,000 population)","SH.STA.SUIC.P5","","","","","","","","","","","","","","","","","","","","","","","","","","","","","","","","","","","","","","","","","7.9","","","","","6.5","","","","","6.5","","","","","6.4","","",
"Zimbabwe","ZWE","Suicide mortality rate (per 100,000 population)","SH.STA.SUIC.P5","","","","","","","","","","","","","","","","","","","","","","","","","","","","","","","","","","","","","","","","","12.1","","","","","11.3","","","","","11.2","","","","","10.5","","",
